id,accession,gpl,gse,supplemental_type,n_samples,summary_ftp_link,sample_id,cel_file_ftp,source,treatment,tissue,time,replicate
200033790,GSE33790,198,33790,CEL,18,ftp://ftp.ncbi.nlm.nih.gov/geo/series/GSE33nnn/GSE33790/,GSM835815,ftp://ftp.ncbi.nlm.nih.gov/geo/samples/GSM835nnn/GSM835815/suppl/GSM835815.CEL.gz,Shoot Phosphate recovery,,,,2
200033790,GSE33790,198,33790,CEL,18,ftp://ftp.ncbi.nlm.nih.gov/geo/series/GSE33nnn/GSE33790/,GSM835821,ftp://ftp.ncbi.nlm.nih.gov/geo/samples/GSM835nnn/GSM835821/suppl/GSM835821.CEL.gz,Root Phosphate starvation,,,,2
200033790,GSE33790,198,33790,CEL,18,ftp://ftp.ncbi.nlm.nih.gov/geo/series/GSE33nnn/GSE33790/,GSM835818,ftp://ftp.ncbi.nlm.nih.gov/geo/samples/GSM835nnn/GSM835818/suppl/GSM835818.CEL.gz,Root Mock,,,,2
200033790,GSE33790,198,33790,CEL,18,ftp://ftp.ncbi.nlm.nih.gov/geo/series/GSE33nnn/GSE33790/,GSM835824,ftp://ftp.ncbi.nlm.nih.gov/geo/samples/GSM835nnn/GSM835824/suppl/GSM835824.CEL.gz,Root Phosphate recovery,,,,2
200033790,GSE33790,198,33790,CEL,18,ftp://ftp.ncbi.nlm.nih.gov/geo/series/GSE33nnn/GSE33790/,GSM835811,ftp://ftp.ncbi.nlm.nih.gov/geo/samples/GSM835nnn/GSM835811/suppl/GSM835811.CEL.gz,Shoot Phosphate starvation,,,,1
200033790,GSE33790,198,33790,CEL,18,ftp://ftp.ncbi.nlm.nih.gov/geo/series/GSE33nnn/GSE33790/,GSM835817,ftp://ftp.ncbi.nlm.nih.gov/geo/samples/GSM835nnn/GSM835817/suppl/GSM835817.CEL.gz,Root Mock,,,,1
200033790,GSE33790,198,33790,CEL,18,ftp://ftp.ncbi.nlm.nih.gov/geo/series/GSE33nnn/GSE33790/,GSM835814,ftp://ftp.ncbi.nlm.nih.gov/geo/samples/GSM835nnn/GSM835814/suppl/GSM835814.CEL.gz,Shoot Phosphate recovery,,,,1
200033790,GSE33790,198,33790,CEL,18,ftp://ftp.ncbi.nlm.nih.gov/geo/series/GSE33nnn/GSE33790/,GSM835816,ftp://ftp.ncbi.nlm.nih.gov/geo/samples/GSM835nnn/GSM835816/suppl/GSM835816.CEL.gz,Shoot Phosphate recovery,,,,3
200033790,GSE33790,198,33790,CEL,18,ftp://ftp.ncbi.nlm.nih.gov/geo/series/GSE33nnn/GSE33790/,GSM835813,ftp://ftp.ncbi.nlm.nih.gov/geo/samples/GSM835nnn/GSM835813/suppl/GSM835813.CEL.gz,Shoot Phosphate starvation,,,,3
200033790,GSE33790,198,33790,CEL,18,ftp://ftp.ncbi.nlm.nih.gov/geo/series/GSE33nnn/GSE33790/,GSM835810,ftp://ftp.ncbi.nlm.nih.gov/geo/samples/GSM835nnn/GSM835810/suppl/GSM835810.CEL.gz,Shoot Mock,,,,3
200033790,GSE33790,198,33790,CEL,18,ftp://ftp.ncbi.nlm.nih.gov/geo/series/GSE33nnn/GSE33790/,GSM835808,ftp://ftp.ncbi.nlm.nih.gov/geo/samples/GSM835nnn/GSM835808/suppl/GSM835808.CEL.gz,Shoot Mock,,,,1
200033790,GSE33790,198,33790,CEL,18,ftp://ftp.ncbi.nlm.nih.gov/geo/series/GSE33nnn/GSE33790/,GSM835822,ftp://ftp.ncbi.nlm.nih.gov/geo/samples/GSM835nnn/GSM835822/suppl/GSM835822.CEL.gz,Root Phosphate starvation,,,,3
200033790,GSE33790,198,33790,CEL,18,ftp://ftp.ncbi.nlm.nih.gov/geo/series/GSE33nnn/GSE33790/,GSM835819,ftp://ftp.ncbi.nlm.nih.gov/geo/samples/GSM835nnn/GSM835819/suppl/GSM835819.CEL.gz,Root Mock,,,,3
200033790,GSE33790,198,33790,CEL,18,ftp://ftp.ncbi.nlm.nih.gov/geo/series/GSE33nnn/GSE33790/,GSM835825,ftp://ftp.ncbi.nlm.nih.gov/geo/samples/GSM835nnn/GSM835825/suppl/GSM835825.CEL.gz,Root Phosphate recovery,,,,3
200033790,GSE33790,198,33790,CEL,18,ftp://ftp.ncbi.nlm.nih.gov/geo/series/GSE33nnn/GSE33790/,GSM835820,ftp://ftp.ncbi.nlm.nih.gov/geo/samples/GSM835nnn/GSM835820/suppl/GSM835820.CEL.gz,Root Phosphate starvation,,,,1
200033790,GSE33790,198,33790,CEL,18,ftp://ftp.ncbi.nlm.nih.gov/geo/series/GSE33nnn/GSE33790/,GSM835823,ftp://ftp.ncbi.nlm.nih.gov/geo/samples/GSM835nnn/GSM835823/suppl/GSM835823.CEL.gz,Root Phosphate recovery,,,,1
200033790,GSE33790,198,33790,CEL,18,ftp://ftp.ncbi.nlm.nih.gov/geo/series/GSE33nnn/GSE33790/,GSM835812,ftp://ftp.ncbi.nlm.nih.gov/geo/samples/GSM835nnn/GSM835812/suppl/GSM835812.CEL.gz,Shoot Phosphate starvation,,,,2
200033790,GSE33790,198,33790,CEL,18,ftp://ftp.ncbi.nlm.nih.gov/geo/series/GSE33nnn/GSE33790/,GSM835809,ftp://ftp.ncbi.nlm.nih.gov/geo/samples/GSM835nnn/GSM835809/suppl/GSM835809.CEL.gz,Shoot Mock,,,,2
200033996,GSE33996,10977,33996,"CEL, TXT",18,ftp://ftp.ncbi.nlm.nih.gov/geo/series/GSE33nnn/GSE33996/,GSM840174,ftp://ftp.ncbi.nlm.nih.gov/geo/samples/GSM840nnn/GSM840174/suppl/GSM840174.CEL.gz,Root Phosphate starvation,,,,3
200033996,GSE33996,10977,33996,"CEL, TXT",18,ftp://ftp.ncbi.nlm.nih.gov/geo/series/GSE33nnn/GSE33996/,GSM840171,ftp://ftp.ncbi.nlm.nih.gov/geo/samples/GSM840nnn/GSM840171/suppl/GSM840171.CEL.gz,Root Mock,,,,3
200033996,GSE33996,10977,33996,"CEL, TXT",18,ftp://ftp.ncbi.nlm.nih.gov/geo/series/GSE33nnn/GSE33996/,GSM840177,ftp://ftp.ncbi.nlm.nih.gov/geo/samples/GSM840nnn/GSM840177/suppl/GSM840177.CEL.gz,Root Phosphate recovery,,,,3
200033996,GSE33996,10977,33996,"CEL, TXT",18,ftp://ftp.ncbi.nlm.nih.gov/geo/series/GSE33nnn/GSE33996/,GSM840163,ftp://ftp.ncbi.nlm.nih.gov/geo/samples/GSM840nnn/GSM840163/suppl/GSM840163.CEL.gz,Shoot Phosphate starvation,,,,1
200033996,GSE33996,10977,33996,"CEL, TXT",18,ftp://ftp.ncbi.nlm.nih.gov/geo/series/GSE33nnn/GSE33996/,GSM840160,ftp://ftp.ncbi.nlm.nih.gov/geo/samples/GSM840nnn/GSM840160/suppl/GSM840160.CEL.gz,Shoot Mock,,,,1
200033996,GSE33996,10977,33996,"CEL, TXT",18,ftp://ftp.ncbi.nlm.nih.gov/geo/series/GSE33nnn/GSE33996/,GSM840166,ftp://ftp.ncbi.nlm.nih.gov/geo/samples/GSM840nnn/GSM840166/suppl/GSM840166.CEL.gz,Shoot Phosphate recovery,,,,1
200033996,GSE33996,10977,33996,"CEL, TXT",18,ftp://ftp.ncbi.nlm.nih.gov/geo/series/GSE33nnn/GSE33996/,GSM840169,ftp://ftp.ncbi.nlm.nih.gov/geo/samples/GSM840nnn/GSM840169/suppl/GSM840169.CEL.gz,Root Mock,,,,1
200033996,GSE33996,10977,33996,"CEL, TXT",18,ftp://ftp.ncbi.nlm.nih.gov/geo/series/GSE33nnn/GSE33996/,GSM840176,ftp://ftp.ncbi.nlm.nih.gov/geo/samples/GSM840nnn/GSM840176/suppl/GSM840176.CEL.gz,Root Phosphate recovery,,,,2
200033996,GSE33996,10977,33996,"CEL, TXT",18,ftp://ftp.ncbi.nlm.nih.gov/geo/series/GSE33nnn/GSE33996/,GSM840175,ftp://ftp.ncbi.nlm.nih.gov/geo/samples/GSM840nnn/GSM840175/suppl/GSM840175.CEL.gz,Root Phosphate recovery,,,,1
200033996,GSE33996,10977,33996,"CEL, TXT",18,ftp://ftp.ncbi.nlm.nih.gov/geo/series/GSE33nnn/GSE33996/,GSM840164,ftp://ftp.ncbi.nlm.nih.gov/geo/samples/GSM840nnn/GSM840164/suppl/GSM840164.CEL.gz,Shoot Phosphate starvation,,,,2
200033996,GSE33996,10977,33996,"CEL, TXT",18,ftp://ftp.ncbi.nlm.nih.gov/geo/series/GSE33nnn/GSE33996/,GSM840172,ftp://ftp.ncbi.nlm.nih.gov/geo/samples/GSM840nnn/GSM840172/suppl/GSM840172.CEL.gz,Root Phosphate starvation,,,,1
200033996,GSE33996,10977,33996,"CEL, TXT",18,ftp://ftp.ncbi.nlm.nih.gov/geo/series/GSE33nnn/GSE33996/,GSM840170,ftp://ftp.ncbi.nlm.nih.gov/geo/samples/GSM840nnn/GSM840170/suppl/GSM840170.CEL.gz,Root Mock,,,,2
200033996,GSE33996,10977,33996,"CEL, TXT",18,ftp://ftp.ncbi.nlm.nih.gov/geo/series/GSE33nnn/GSE33996/,GSM840167,ftp://ftp.ncbi.nlm.nih.gov/geo/samples/GSM840nnn/GSM840167/suppl/GSM840167.CEL.gz,Shoot Phosphate recovery,,,,2
200033996,GSE33996,10977,33996,"CEL, TXT",18,ftp://ftp.ncbi.nlm.nih.gov/geo/series/GSE33nnn/GSE33996/,GSM840173,ftp://ftp.ncbi.nlm.nih.gov/geo/samples/GSM840nnn/GSM840173/suppl/GSM840173.CEL.gz,Root Phosphate starvation,,,,2
200033996,GSE33996,10977,33996,"CEL, TXT",18,ftp://ftp.ncbi.nlm.nih.gov/geo/series/GSE33nnn/GSE33996/,GSM840161,ftp://ftp.ncbi.nlm.nih.gov/geo/samples/GSM840nnn/GSM840161/suppl/GSM840161.CEL.gz,Shoot Mock,,,,2
200033996,GSE33996,10977,33996,"CEL, TXT",18,ftp://ftp.ncbi.nlm.nih.gov/geo/series/GSE33nnn/GSE33996/,GSM840165,ftp://ftp.ncbi.nlm.nih.gov/geo/samples/GSM840nnn/GSM840165/suppl/GSM840165.CEL.gz,Shoot Phosphate starvation,,,,3
200033996,GSE33996,10977,33996,"CEL, TXT",18,ftp://ftp.ncbi.nlm.nih.gov/geo/series/GSE33nnn/GSE33996/,GSM840162,ftp://ftp.ncbi.nlm.nih.gov/geo/samples/GSM840nnn/GSM840162/suppl/GSM840162.CEL.gz,Shoot Mock,,,,3
200033996,GSE33996,10977,33996,"CEL, TXT",18,ftp://ftp.ncbi.nlm.nih.gov/geo/series/GSE33nnn/GSE33996/,GSM840168,ftp://ftp.ncbi.nlm.nih.gov/geo/samples/GSM840nnn/GSM840168/suppl/GSM840168.CEL.gz,Shoot Phosphate recovery,,,,3
200005628,GSE5628,198,5628,CEL,32,ftp://ftp.ncbi.nlm.nih.gov/geo/series/GSE5nnn/GSE5628/,GSM131451,ftp://ftp.ncbi.nlm.nih.gov/geo/samples/GSM131nnn/GSM131451/suppl/GSM131451.CEL.gz,AtGen,heat,shoots,3,1
200005628,GSE5628,198,5628,CEL,32,ftp://ftp.ncbi.nlm.nih.gov/geo/series/GSE5nnn/GSE5628/,GSM131448,ftp://ftp.ncbi.nlm.nih.gov/geo/samples/GSM131nnn/GSM131448/suppl/GSM131448.CEL.gz,AtGen,heat,shoots,1,2
200005628,GSE5628,198,5628,CEL,32,ftp://ftp.ncbi.nlm.nih.gov/geo/series/GSE5nnn/GSE5628/,GSM131454,ftp://ftp.ncbi.nlm.nih.gov/geo/samples/GSM131nnn/GSM131454/suppl/GSM131454.CEL.gz,AtGen,heat,roots,3,2
200005628,GSE5628,198,5628,CEL,32,ftp://ftp.ncbi.nlm.nih.gov/geo/series/GSE5nnn/GSE5628/,GSM131460,ftp://ftp.ncbi.nlm.nih.gov/geo/samples/GSM131nnn/GSM131460/suppl/GSM131460.CEL.gz,AtGen,heat_3h_+3hrecovery,shoots,6,2
200005628,GSE5628,198,5628,CEL,32,ftp://ftp.ncbi.nlm.nih.gov/geo/series/GSE5nnn/GSE5628/,GSM131468,ftp://ftp.ncbi.nlm.nih.gov/geo/samples/GSM131nnn/GSM131468/suppl/GSM131468.CEL.gz,AtGen,heat_3h_+21hrecovery,shoots,24,2
200005628,GSE5628,198,5628,CEL,32,ftp://ftp.ncbi.nlm.nih.gov/geo/series/GSE5nnn/GSE5628/,GSM131457,ftp://ftp.ncbi.nlm.nih.gov/geo/samples/GSM131nnn/GSM131457/suppl/GSM131457.CEL.gz,AtGen,heat_3h_+1hrecovery,roots,4,1
200005628,GSE5628,198,5628,CEL,32,ftp://ftp.ncbi.nlm.nih.gov/geo/series/GSE5nnn/GSE5628/,GSM131455,ftp://ftp.ncbi.nlm.nih.gov/geo/samples/GSM131nnn/GSM131455/suppl/GSM131455.CEL.gz,AtGen,heat_3h_+1hrecovery,shoots,4,1
200005628,GSE5628,198,5628,CEL,32,ftp://ftp.ncbi.nlm.nih.gov/geo/series/GSE5nnn/GSE5628/,GSM131461,ftp://ftp.ncbi.nlm.nih.gov/geo/samples/GSM131nnn/GSM131461/suppl/GSM131461.CEL.gz,AtGen,heat_3h_+3hrecovery,roots,6,1
200005628,GSE5628,198,5628,CEL,32,ftp://ftp.ncbi.nlm.nih.gov/geo/series/GSE5nnn/GSE5628/,GSM131458,ftp://ftp.ncbi.nlm.nih.gov/geo/samples/GSM131nnn/GSM131458/suppl/GSM131458.CEL.gz,AtGen,heat_3h_+1hrecovery,roots,4,2
200005628,GSE5628,198,5628,CEL,32,ftp://ftp.ncbi.nlm.nih.gov/geo/series/GSE5nnn/GSE5628/,GSM131464,ftp://ftp.ncbi.nlm.nih.gov/geo/samples/GSM131nnn/GSM131464/suppl/GSM131464.CEL.gz,AtGen,heat_3h_+9hrecovery,shoots,12,2
200005628,GSE5628,198,5628,CEL,32,ftp://ftp.ncbi.nlm.nih.gov/geo/series/GSE5nnn/GSE5628/,GSM131442,ftp://ftp.ncbi.nlm.nih.gov/geo/samples/GSM131nnn/GSM131442/suppl/GSM131442.CEL.gz,AtGen,heat,roots,0.25,2
200005628,GSE5628,198,5628,CEL,32,ftp://ftp.ncbi.nlm.nih.gov/geo/series/GSE5nnn/GSE5628/,GSM131445,ftp://ftp.ncbi.nlm.nih.gov/geo/samples/GSM131nnn/GSM131445/suppl/GSM131445.CEL.gz,AtGen,heat,roots,0.5,1
200005628,GSE5628,198,5628,CEL,32,ftp://ftp.ncbi.nlm.nih.gov/geo/series/GSE5nnn/GSE5628/,GSM131440,ftp://ftp.ncbi.nlm.nih.gov/geo/samples/GSM131nnn/GSM131440/suppl/GSM131440.CEL.gz,AtGen,heat,shoots,0.25,2
200005628,GSE5628,198,5628,CEL,32,ftp://ftp.ncbi.nlm.nih.gov/geo/series/GSE5nnn/GSE5628/,GSM131446,ftp://ftp.ncbi.nlm.nih.gov/geo/samples/GSM131nnn/GSM131446/suppl/GSM131446.CEL.gz,AtGen,heat,roots,0.5,2
200005628,GSE5628,198,5628,CEL,32,ftp://ftp.ncbi.nlm.nih.gov/geo/series/GSE5nnn/GSE5628/,GSM131469,ftp://ftp.ncbi.nlm.nih.gov/geo/samples/GSM131nnn/GSM131469/suppl/GSM131469.CEL.gz,AtGen,heat_3h_+21hrecovery,roots,24,1
200005628,GSE5628,198,5628,CEL,32,ftp://ftp.ncbi.nlm.nih.gov/geo/series/GSE5nnn/GSE5628/,GSM131443,ftp://ftp.ncbi.nlm.nih.gov/geo/samples/GSM131nnn/GSM131443/suppl/GSM131443.CEL.gz,AtGen,heat,shoots,0.5,1
200005628,GSE5628,198,5628,CEL,32,ftp://ftp.ncbi.nlm.nih.gov/geo/series/GSE5nnn/GSE5628/,GSM131466,ftp://ftp.ncbi.nlm.nih.gov/geo/samples/GSM131nnn/GSM131466/suppl/GSM131466.CEL.gz,AtGen,heat_3h_+9hrecovery,roots,12,2
200005628,GSE5628,198,5628,CEL,32,ftp://ftp.ncbi.nlm.nih.gov/geo/series/GSE5nnn/GSE5628/,GSM131449,ftp://ftp.ncbi.nlm.nih.gov/geo/samples/GSM131nnn/GSM131449/suppl/GSM131449.CEL.gz,AtGen,heat,roots,1,1
200005628,GSE5628,198,5628,CEL,32,ftp://ftp.ncbi.nlm.nih.gov/geo/series/GSE5nnn/GSE5628/,GSM131463,ftp://ftp.ncbi.nlm.nih.gov/geo/samples/GSM131nnn/GSM131463/suppl/GSM131463.CEL.gz,AtGen,heat_3h_+9hrecovery,shoots,12,1
200005628,GSE5628,198,5628,CEL,32,ftp://ftp.ncbi.nlm.nih.gov/geo/series/GSE5nnn/GSE5628/,GSM131444,ftp://ftp.ncbi.nlm.nih.gov/geo/samples/GSM131nnn/GSM131444/suppl/GSM131444.CEL.gz,AtGen,heat,shoots,0.5,2
200005628,GSE5628,198,5628,CEL,32,ftp://ftp.ncbi.nlm.nih.gov/geo/series/GSE5nnn/GSE5628/,GSM131441,ftp://ftp.ncbi.nlm.nih.gov/geo/samples/GSM131nnn/GSM131441/suppl/GSM131441.CEL.gz,AtGen,heat,roots,0.25,1
200005628,GSE5628,198,5628,CEL,32,ftp://ftp.ncbi.nlm.nih.gov/geo/series/GSE5nnn/GSE5628/,GSM131452,ftp://ftp.ncbi.nlm.nih.gov/geo/samples/GSM131nnn/GSM131452/suppl/GSM131452.CEL.gz,AtGen,heat,shoots,3,2
200005628,GSE5628,198,5628,CEL,32,ftp://ftp.ncbi.nlm.nih.gov/geo/series/GSE5nnn/GSE5628/,GSM131470,ftp://ftp.ncbi.nlm.nih.gov/geo/samples/GSM131nnn/GSM131470/suppl/GSM131470.CEL.gz,AtGen,heat_3h_+21hrecovery,roots,24,2
200005628,GSE5628,198,5628,CEL,32,ftp://ftp.ncbi.nlm.nih.gov/geo/series/GSE5nnn/GSE5628/,GSM131467,ftp://ftp.ncbi.nlm.nih.gov/geo/samples/GSM131nnn/GSM131467/suppl/GSM131467.CEL.gz,AtGen,heat_3h_+21hrecovery,shoots,24,1
200005628,GSE5628,198,5628,CEL,32,ftp://ftp.ncbi.nlm.nih.gov/geo/series/GSE5nnn/GSE5628/,GSM131447,ftp://ftp.ncbi.nlm.nih.gov/geo/samples/GSM131nnn/GSM131447/suppl/GSM131447.CEL.gz,AtGen,heat,shoots,1,1
200005628,GSE5628,198,5628,CEL,32,ftp://ftp.ncbi.nlm.nih.gov/geo/series/GSE5nnn/GSE5628/,GSM131450,ftp://ftp.ncbi.nlm.nih.gov/geo/samples/GSM131nnn/GSM131450/suppl/GSM131450.CEL.gz,AtGen,heat,roots,1,2
200005628,GSE5628,198,5628,CEL,32,ftp://ftp.ncbi.nlm.nih.gov/geo/series/GSE5nnn/GSE5628/,GSM131456,ftp://ftp.ncbi.nlm.nih.gov/geo/samples/GSM131nnn/GSM131456/suppl/GSM131456.CEL.gz,AtGen,heat_3h_+1hrecovery,shoots,4,2
200005628,GSE5628,198,5628,CEL,32,ftp://ftp.ncbi.nlm.nih.gov/geo/series/GSE5nnn/GSE5628/,GSM131453,ftp://ftp.ncbi.nlm.nih.gov/geo/samples/GSM131nnn/GSM131453/suppl/GSM131453.CEL.gz,AtGen,heat,roots,3,1
200005628,GSE5628,198,5628,CEL,32,ftp://ftp.ncbi.nlm.nih.gov/geo/series/GSE5nnn/GSE5628/,GSM131439,ftp://ftp.ncbi.nlm.nih.gov/geo/samples/GSM131nnn/GSM131439/suppl/GSM131439.CEL.gz,AtGen,heat,shoots,0.25,1
200005628,GSE5628,198,5628,CEL,32,ftp://ftp.ncbi.nlm.nih.gov/geo/series/GSE5nnn/GSE5628/,GSM131459,ftp://ftp.ncbi.nlm.nih.gov/geo/samples/GSM131nnn/GSM131459/suppl/GSM131459.CEL.gz,AtGen,heat_3h_+3hrecovery,shoots,6,1
200005628,GSE5628,198,5628,CEL,32,ftp://ftp.ncbi.nlm.nih.gov/geo/series/GSE5nnn/GSE5628/,GSM131465,ftp://ftp.ncbi.nlm.nih.gov/geo/samples/GSM131nnn/GSM131465/suppl/GSM131465.CEL.gz,AtGen,heat_3h_+9hrecovery,roots,12,1
200005628,GSE5628,198,5628,CEL,32,ftp://ftp.ncbi.nlm.nih.gov/geo/series/GSE5nnn/GSE5628/,GSM131462,ftp://ftp.ncbi.nlm.nih.gov/geo/samples/GSM131nnn/GSM131462/suppl/GSM131462.CEL.gz,AtGen,heat_3h_+3hrecovery,roots,6,2
200005627,GSE5627,198,5627,CEL,28,ftp://ftp.ncbi.nlm.nih.gov/geo/series/GSE5nnn/GSE5627/,GSM131424,ftp://ftp.ncbi.nlm.nih.gov/geo/samples/GSM131nnn/GSM131424/suppl/GSM131424.CEL.gz,AtGen,wounding,shoots,3,2
200005627,GSE5627,198,5627,CEL,28,ftp://ftp.ncbi.nlm.nih.gov/geo/series/GSE5nnn/GSE5627/,GSM131427,ftp://ftp.ncbi.nlm.nih.gov/geo/samples/GSM131nnn/GSM131427/suppl/GSM131427.CEL.gz,AtGen,wounding,shoots,6,1
200005627,GSE5627,198,5627,CEL,28,ftp://ftp.ncbi.nlm.nih.gov/geo/series/GSE5nnn/GSE5627/,GSM131421,ftp://ftp.ncbi.nlm.nih.gov/geo/samples/GSM131nnn/GSM131421/suppl/GSM131421.CEL.gz,AtGen,wounding,roots,1,1
200005627,GSE5627,198,5627,CEL,28,ftp://ftp.ncbi.nlm.nih.gov/geo/series/GSE5nnn/GSE5627/,GSM131413,ftp://ftp.ncbi.nlm.nih.gov/geo/samples/GSM131nnn/GSM131413/suppl/GSM131413.CEL.gz,AtGen,wounding,roots,0.25,1
200005627,GSE5627,198,5627,CEL,28,ftp://ftp.ncbi.nlm.nih.gov/geo/series/GSE5nnn/GSE5627/,GSM131416,ftp://ftp.ncbi.nlm.nih.gov/geo/samples/GSM131nnn/GSM131416/suppl/GSM131416.CEL.gz,AtGen,wounding,shoots,0.5,2
200005627,GSE5627,198,5627,CEL,28,ftp://ftp.ncbi.nlm.nih.gov/geo/series/GSE5nnn/GSE5627/,GSM131433,ftp://ftp.ncbi.nlm.nih.gov/geo/samples/GSM131nnn/GSM131433/suppl/GSM131433.CEL.gz,AtGen,wounding,roots,12,1
200005627,GSE5627,198,5627,CEL,28,ftp://ftp.ncbi.nlm.nih.gov/geo/series/GSE5nnn/GSE5627/,GSM131436,ftp://ftp.ncbi.nlm.nih.gov/geo/samples/GSM131nnn/GSM131436/suppl/GSM131436.CEL.gz,AtGen,wounding,shoots,24,2
200005627,GSE5627,198,5627,CEL,28,ftp://ftp.ncbi.nlm.nih.gov/geo/series/GSE5nnn/GSE5627/,GSM131430,ftp://ftp.ncbi.nlm.nih.gov/geo/samples/GSM131nnn/GSM131430/suppl/GSM131430.CEL.gz,AtGen,wounding,roots,6,2
200005627,GSE5627,198,5627,CEL,28,ftp://ftp.ncbi.nlm.nih.gov/geo/series/GSE5nnn/GSE5627/,GSM131423,ftp://ftp.ncbi.nlm.nih.gov/geo/samples/GSM131nnn/GSM131423/suppl/GSM131423.CEL.gz,AtGen,wounding,shoots,3,1
200005627,GSE5627,198,5627,CEL,28,ftp://ftp.ncbi.nlm.nih.gov/geo/series/GSE5nnn/GSE5627/,GSM131426,ftp://ftp.ncbi.nlm.nih.gov/geo/samples/GSM131nnn/GSM131426/suppl/GSM131426.CEL.gz,AtGen,wounding,roots,3,2
200005627,GSE5627,198,5627,CEL,28,ftp://ftp.ncbi.nlm.nih.gov/geo/series/GSE5nnn/GSE5627/,GSM131429,ftp://ftp.ncbi.nlm.nih.gov/geo/samples/GSM131nnn/GSM131429/suppl/GSM131429.CEL.gz,AtGen,wounding,roots,6,1
200005627,GSE5627,198,5627,CEL,28,ftp://ftp.ncbi.nlm.nih.gov/geo/series/GSE5nnn/GSE5627/,GSM131432,ftp://ftp.ncbi.nlm.nih.gov/geo/samples/GSM131nnn/GSM131432/suppl/GSM131432.CEL.gz,AtGen,wounding,shoots,12,2
200005627,GSE5627,198,5627,CEL,28,ftp://ftp.ncbi.nlm.nih.gov/geo/series/GSE5nnn/GSE5627/,GSM131419,ftp://ftp.ncbi.nlm.nih.gov/geo/samples/GSM131nnn/GSM131419/suppl/GSM131419.CEL.gz,AtGen,wounding,shoots,1,1
200005627,GSE5627,198,5627,CEL,28,ftp://ftp.ncbi.nlm.nih.gov/geo/series/GSE5nnn/GSE5627/,GSM131422,ftp://ftp.ncbi.nlm.nih.gov/geo/samples/GSM131nnn/GSM131422/suppl/GSM131422.CEL.gz,AtGen,wounding,roots,1,2
200005627,GSE5627,198,5627,CEL,28,ftp://ftp.ncbi.nlm.nih.gov/geo/series/GSE5nnn/GSE5627/,GSM131414,ftp://ftp.ncbi.nlm.nih.gov/geo/samples/GSM131nnn/GSM131414/suppl/GSM131414.CEL.gz,AtGen,wounding,roots,0.25,2
200005627,GSE5627,198,5627,CEL,28,ftp://ftp.ncbi.nlm.nih.gov/geo/series/GSE5nnn/GSE5627/,GSM131417,ftp://ftp.ncbi.nlm.nih.gov/geo/samples/GSM131nnn/GSM131417/suppl/GSM131417.CEL.gz,AtGen,wounding,roots,0.5,1
200005627,GSE5627,198,5627,CEL,28,ftp://ftp.ncbi.nlm.nih.gov/geo/series/GSE5nnn/GSE5627/,GSM131428,ftp://ftp.ncbi.nlm.nih.gov/geo/samples/GSM131nnn/GSM131428/suppl/GSM131428.CEL.gz,AtGen,wounding,shoots,6,2
200005627,GSE5627,198,5627,CEL,28,ftp://ftp.ncbi.nlm.nih.gov/geo/series/GSE5nnn/GSE5627/,GSM131411,ftp://ftp.ncbi.nlm.nih.gov/geo/samples/GSM131nnn/GSM131411/suppl/GSM131411.CEL.gz,AtGen,wounding,shoots,0.25,1
200005627,GSE5627,198,5627,CEL,28,ftp://ftp.ncbi.nlm.nih.gov/geo/series/GSE5nnn/GSE5627/,GSM131431,ftp://ftp.ncbi.nlm.nih.gov/geo/samples/GSM131nnn/GSM131431/suppl/GSM131431.CEL.gz,AtGen,wounding,shoots,12,1
200005627,GSE5627,198,5627,CEL,28,ftp://ftp.ncbi.nlm.nih.gov/geo/series/GSE5nnn/GSE5627/,GSM131425,ftp://ftp.ncbi.nlm.nih.gov/geo/samples/GSM131nnn/GSM131425/suppl/GSM131425.CEL.gz,AtGen,wounding,roots,3,1
200005627,GSE5627,198,5627,CEL,28,ftp://ftp.ncbi.nlm.nih.gov/geo/series/GSE5nnn/GSE5627/,GSM131420,ftp://ftp.ncbi.nlm.nih.gov/geo/samples/GSM131nnn/GSM131420/suppl/GSM131420.CEL.gz,AtGen,wounding,shoots,1,2
200005627,GSE5627,198,5627,CEL,28,ftp://ftp.ncbi.nlm.nih.gov/geo/series/GSE5nnn/GSE5627/,GSM131437,ftp://ftp.ncbi.nlm.nih.gov/geo/samples/GSM131nnn/GSM131437/suppl/GSM131437.CEL.gz,AtGen,wounding,roots,24,1
200005627,GSE5627,198,5627,CEL,28,ftp://ftp.ncbi.nlm.nih.gov/geo/series/GSE5nnn/GSE5627/,GSM131434,ftp://ftp.ncbi.nlm.nih.gov/geo/samples/GSM131nnn/GSM131434/suppl/GSM131434.CEL.gz,AtGen,wounding,roots,12,2
200005627,GSE5627,198,5627,CEL,28,ftp://ftp.ncbi.nlm.nih.gov/geo/series/GSE5nnn/GSE5627/,GSM131412,ftp://ftp.ncbi.nlm.nih.gov/geo/samples/GSM131nnn/GSM131412/suppl/GSM131412.CEL.gz,AtGen,wounding,shoots,0.25,2
200005627,GSE5627,198,5627,CEL,28,ftp://ftp.ncbi.nlm.nih.gov/geo/series/GSE5nnn/GSE5627/,GSM131415,ftp://ftp.ncbi.nlm.nih.gov/geo/samples/GSM131nnn/GSM131415/suppl/GSM131415.CEL.gz,AtGen,wounding,shoots,0.5,1
200005627,GSE5627,198,5627,CEL,28,ftp://ftp.ncbi.nlm.nih.gov/geo/series/GSE5nnn/GSE5627/,GSM131438,ftp://ftp.ncbi.nlm.nih.gov/geo/samples/GSM131nnn/GSM131438/suppl/GSM131438.CEL.gz,AtGen,wounding,roots,24,2
200005627,GSE5627,198,5627,CEL,28,ftp://ftp.ncbi.nlm.nih.gov/geo/series/GSE5nnn/GSE5627/,GSM131418,ftp://ftp.ncbi.nlm.nih.gov/geo/samples/GSM131nnn/GSM131418/suppl/GSM131418.CEL.gz,AtGen,wounding,roots,0.5,2
200005627,GSE5627,198,5627,CEL,28,ftp://ftp.ncbi.nlm.nih.gov/geo/series/GSE5nnn/GSE5627/,GSM131435,ftp://ftp.ncbi.nlm.nih.gov/geo/samples/GSM131nnn/GSM131435/suppl/GSM131435.CEL.gz,AtGen,wounding,shoots,24,1
200005626,GSE5626,198,5626,CEL,28,ftp://ftp.ncbi.nlm.nih.gov/geo/series/GSE5nnn/GSE5626/,GSM131397,ftp://ftp.ncbi.nlm.nih.gov/geo/samples/GSM131nnn/GSM131397/suppl/GSM131397.CEL.gz,AtGen,uvb,roots,3,1
200005626,GSE5626,198,5626,CEL,28,ftp://ftp.ncbi.nlm.nih.gov/geo/series/GSE5nnn/GSE5626/,GSM131400,ftp://ftp.ncbi.nlm.nih.gov/geo/samples/GSM131nnn/GSM131400/suppl/GSM131400.CEL.gz,AtGen,uvb,shoots,6,2
200005626,GSE5626,198,5626,CEL,28,ftp://ftp.ncbi.nlm.nih.gov/geo/series/GSE5nnn/GSE5626/,GSM131406,ftp://ftp.ncbi.nlm.nih.gov/geo/samples/GSM131nnn/GSM131406/suppl/GSM131406.CEL.gz,AtGen,uvb,roots,12,2
200005626,GSE5626,198,5626,CEL,28,ftp://ftp.ncbi.nlm.nih.gov/geo/series/GSE5nnn/GSE5626/,GSM131403,ftp://ftp.ncbi.nlm.nih.gov/geo/samples/GSM131nnn/GSM131403/suppl/GSM131403.CEL.gz,AtGen,uvb,shoots,12,1
200005626,GSE5626,198,5626,CEL,28,ftp://ftp.ncbi.nlm.nih.gov/geo/series/GSE5nnn/GSE5626/,GSM131384,ftp://ftp.ncbi.nlm.nih.gov/geo/samples/GSM131nnn/GSM131384/suppl/GSM131384.CEL.gz,AtGen,uvb,shoots,0.25,2
200005626,GSE5626,198,5626,CEL,28,ftp://ftp.ncbi.nlm.nih.gov/geo/series/GSE5nnn/GSE5626/,GSM131383,ftp://ftp.ncbi.nlm.nih.gov/geo/samples/GSM131nnn/GSM131383/suppl/GSM131383.CEL.gz,AtGen,uvb,shoots,0.25,1
200005626,GSE5626,198,5626,CEL,28,ftp://ftp.ncbi.nlm.nih.gov/geo/series/GSE5nnn/GSE5626/,GSM131404,ftp://ftp.ncbi.nlm.nih.gov/geo/samples/GSM131nnn/GSM131404/suppl/GSM131404.CEL.gz,AtGen,uvb,shoots,12,2
200005626,GSE5626,198,5626,CEL,28,ftp://ftp.ncbi.nlm.nih.gov/geo/series/GSE5nnn/GSE5626/,GSM131410,ftp://ftp.ncbi.nlm.nih.gov/geo/samples/GSM131nnn/GSM131410/suppl/GSM131410.CEL.gz,AtGen,uvb,roots,24,2
200005626,GSE5626,198,5626,CEL,28,ftp://ftp.ncbi.nlm.nih.gov/geo/series/GSE5nnn/GSE5626/,GSM131407,ftp://ftp.ncbi.nlm.nih.gov/geo/samples/GSM131nnn/GSM131407/suppl/GSM131407.CEL.gz,AtGen,uvb,shoots,24,1
200005626,GSE5626,198,5626,CEL,28,ftp://ftp.ncbi.nlm.nih.gov/geo/series/GSE5nnn/GSE5626/,GSM131389,ftp://ftp.ncbi.nlm.nih.gov/geo/samples/GSM131nnn/GSM131389/suppl/GSM131389.CEL.gz,AtGen,uvb,roots,0.5,1
200005626,GSE5626,198,5626,CEL,28,ftp://ftp.ncbi.nlm.nih.gov/geo/series/GSE5nnn/GSE5626/,GSM131409,ftp://ftp.ncbi.nlm.nih.gov/geo/samples/GSM131nnn/GSM131409/suppl/GSM131409.CEL.gz,AtGen,uvb,roots,24,1
200005626,GSE5626,198,5626,CEL,28,ftp://ftp.ncbi.nlm.nih.gov/geo/series/GSE5nnn/GSE5626/,GSM131386,ftp://ftp.ncbi.nlm.nih.gov/geo/samples/GSM131nnn/GSM131386/suppl/GSM131386.CEL.gz,AtGen,uvb,roots,0.25,2
200005626,GSE5626,198,5626,CEL,28,ftp://ftp.ncbi.nlm.nih.gov/geo/series/GSE5nnn/GSE5626/,GSM131394,ftp://ftp.ncbi.nlm.nih.gov/geo/samples/GSM131nnn/GSM131394/suppl/GSM131394.CEL.gz,AtGen,uvb,roots,1,2
200005626,GSE5626,198,5626,CEL,28,ftp://ftp.ncbi.nlm.nih.gov/geo/series/GSE5nnn/GSE5626/,GSM131391,ftp://ftp.ncbi.nlm.nih.gov/geo/samples/GSM131nnn/GSM131391/suppl/GSM131391.CEL.gz,AtGen,uvb,shoots,1,1
200005626,GSE5626,198,5626,CEL,28,ftp://ftp.ncbi.nlm.nih.gov/geo/series/GSE5nnn/GSE5626/,GSM131392,ftp://ftp.ncbi.nlm.nih.gov/geo/samples/GSM131nnn/GSM131392/suppl/GSM131392.CEL.gz,AtGen,uvb,shoots,1,2
200005626,GSE5626,198,5626,CEL,28,ftp://ftp.ncbi.nlm.nih.gov/geo/series/GSE5nnn/GSE5626/,GSM131395,ftp://ftp.ncbi.nlm.nih.gov/geo/samples/GSM131nnn/GSM131395/suppl/GSM131395.CEL.gz,AtGen,uvb,shoots,3,1
200005626,GSE5626,198,5626,CEL,28,ftp://ftp.ncbi.nlm.nih.gov/geo/series/GSE5nnn/GSE5626/,GSM131387,ftp://ftp.ncbi.nlm.nih.gov/geo/samples/GSM131nnn/GSM131387/suppl/GSM131387.CEL.gz,AtGen,uvb,shoots,0.5,1
200005626,GSE5626,198,5626,CEL,28,ftp://ftp.ncbi.nlm.nih.gov/geo/series/GSE5nnn/GSE5626/,GSM131401,ftp://ftp.ncbi.nlm.nih.gov/geo/samples/GSM131nnn/GSM131401/suppl/GSM131401.CEL.gz,AtGen,uvb,roots,6,1
200005626,GSE5626,198,5626,CEL,28,ftp://ftp.ncbi.nlm.nih.gov/geo/series/GSE5nnn/GSE5626/,GSM131390,ftp://ftp.ncbi.nlm.nih.gov/geo/samples/GSM131nnn/GSM131390/suppl/GSM131390.CEL.gz,AtGen,uvb,roots,0.5,2
200005626,GSE5626,198,5626,CEL,28,ftp://ftp.ncbi.nlm.nih.gov/geo/series/GSE5nnn/GSE5626/,GSM131398,ftp://ftp.ncbi.nlm.nih.gov/geo/samples/GSM131nnn/GSM131398/suppl/GSM131398.CEL.gz,AtGen,uvb,shoots,3,2
200005626,GSE5626,198,5626,CEL,28,ftp://ftp.ncbi.nlm.nih.gov/geo/series/GSE5nnn/GSE5626/,GSM131393,ftp://ftp.ncbi.nlm.nih.gov/geo/samples/GSM131nnn/GSM131393/suppl/GSM131393.CEL.gz,AtGen,uvb,roots,1,1
200005626,GSE5626,198,5626,CEL,28,ftp://ftp.ncbi.nlm.nih.gov/geo/series/GSE5nnn/GSE5626/,GSM131396,ftp://ftp.ncbi.nlm.nih.gov/geo/samples/GSM131nnn/GSM131396/suppl/GSM131396.CEL.gz,AtGen,uvb,shoots,3,2
200005626,GSE5626,198,5626,CEL,28,ftp://ftp.ncbi.nlm.nih.gov/geo/series/GSE5nnn/GSE5626/,GSM131399,ftp://ftp.ncbi.nlm.nih.gov/geo/samples/GSM131nnn/GSM131399/suppl/GSM131399.CEL.gz,AtGen,uvb,shoots,6,1
200005626,GSE5626,198,5626,CEL,28,ftp://ftp.ncbi.nlm.nih.gov/geo/series/GSE5nnn/GSE5626/,GSM131402,ftp://ftp.ncbi.nlm.nih.gov/geo/samples/GSM131nnn/GSM131402/suppl/GSM131402.CEL.gz,AtGen,uvb,roots,6,2
200005626,GSE5626,198,5626,CEL,28,ftp://ftp.ncbi.nlm.nih.gov/geo/series/GSE5nnn/GSE5626/,GSM131385,ftp://ftp.ncbi.nlm.nih.gov/geo/samples/GSM131nnn/GSM131385/suppl/GSM131385.CEL.gz,AtGen,uvb,roots,0.25,1
200005626,GSE5626,198,5626,CEL,28,ftp://ftp.ncbi.nlm.nih.gov/geo/series/GSE5nnn/GSE5626/,GSM131405,ftp://ftp.ncbi.nlm.nih.gov/geo/samples/GSM131nnn/GSM131405/suppl/GSM131405.CEL.gz,AtGen,uvb,roots,12,1
200005626,GSE5626,198,5626,CEL,28,ftp://ftp.ncbi.nlm.nih.gov/geo/series/GSE5nnn/GSE5626/,GSM131388,ftp://ftp.ncbi.nlm.nih.gov/geo/samples/GSM131nnn/GSM131388/suppl/GSM131388.CEL.gz,AtGen,uvb,shoots,0.5,2
200005626,GSE5626,198,5626,CEL,28,ftp://ftp.ncbi.nlm.nih.gov/geo/series/GSE5nnn/GSE5626/,GSM131408,ftp://ftp.ncbi.nlm.nih.gov/geo/samples/GSM131nnn/GSM131408/suppl/GSM131408.CEL.gz,AtGen,uvb,shoots,24,2
200005625,GSE5625,198,5625,CEL,24,ftp://ftp.ncbi.nlm.nih.gov/geo/series/GSE5nnn/GSE5625/,GSM131373,ftp://ftp.ncbi.nlm.nih.gov/geo/samples/GSM131nnn/GSM131373/suppl/GSM131373.CEL.gz,AtGen,genotoxic,roots,6,1
200005625,GSE5625,198,5625,CEL,24,ftp://ftp.ncbi.nlm.nih.gov/geo/series/GSE5nnn/GSE5625/,GSM131370,ftp://ftp.ncbi.nlm.nih.gov/geo/samples/GSM131nnn/GSM131370/suppl/GSM131370.CEL.gz,AtGen,genotoxic,roots,3,2
200005625,GSE5625,198,5625,CEL,24,ftp://ftp.ncbi.nlm.nih.gov/geo/series/GSE5nnn/GSE5625/,GSM131359,ftp://ftp.ncbi.nlm.nih.gov/geo/samples/GSM131nnn/GSM131359/suppl/GSM131359.CEL.gz,AtGen,genotoxic,shoots,0.5,1
200005625,GSE5625,198,5625,CEL,24,ftp://ftp.ncbi.nlm.nih.gov/geo/series/GSE5nnn/GSE5625/,GSM131362,ftp://ftp.ncbi.nlm.nih.gov/geo/samples/GSM131nnn/GSM131362/suppl/GSM131362.CEL.gz,AtGen,genotoxic,roots,0.5,2
200005625,GSE5625,198,5625,CEL,24,ftp://ftp.ncbi.nlm.nih.gov/geo/series/GSE5nnn/GSE5625/,GSM131376,ftp://ftp.ncbi.nlm.nih.gov/geo/samples/GSM131nnn/GSM131376/suppl/GSM131376.CEL.gz,AtGen,genotoxic,shoots,12,2
200005625,GSE5625,198,5625,CEL,24,ftp://ftp.ncbi.nlm.nih.gov/geo/series/GSE5nnn/GSE5625/,GSM131365,ftp://ftp.ncbi.nlm.nih.gov/geo/samples/GSM131nnn/GSM131365/suppl/GSM131365.CEL.gz,AtGen,genotoxic,roots,1,1
200005625,GSE5625,198,5625,CEL,24,ftp://ftp.ncbi.nlm.nih.gov/geo/series/GSE5nnn/GSE5625/,GSM131382,ftp://ftp.ncbi.nlm.nih.gov/geo/samples/GSM131nnn/GSM131382/suppl/GSM131382.CEL.gz,AtGen,genotoxic,roots,24,2
200005625,GSE5625,198,5625,CEL,24,ftp://ftp.ncbi.nlm.nih.gov/geo/series/GSE5nnn/GSE5625/,GSM131379,ftp://ftp.ncbi.nlm.nih.gov/geo/samples/GSM131nnn/GSM131379/suppl/GSM131379.CEL.gz,AtGen,genotoxic,shoots,24,1
200005625,GSE5625,198,5625,CEL,24,ftp://ftp.ncbi.nlm.nih.gov/geo/series/GSE5nnn/GSE5625/,GSM131372,ftp://ftp.ncbi.nlm.nih.gov/geo/samples/GSM131nnn/GSM131372/suppl/GSM131372.CEL.gz,AtGen,genotoxic,shoots,6,2
200005625,GSE5625,198,5625,CEL,24,ftp://ftp.ncbi.nlm.nih.gov/geo/series/GSE5nnn/GSE5625/,GSM131378,ftp://ftp.ncbi.nlm.nih.gov/geo/samples/GSM131nnn/GSM131378/suppl/GSM131378.CEL.gz,AtGen,genotoxic,roots,12,2
200005625,GSE5625,198,5625,CEL,24,ftp://ftp.ncbi.nlm.nih.gov/geo/series/GSE5nnn/GSE5625/,GSM131375,ftp://ftp.ncbi.nlm.nih.gov/geo/samples/GSM131nnn/GSM131375/suppl/GSM131375.CEL.gz,AtGen,genotoxic,shoots,12,1
200005625,GSE5625,198,5625,CEL,24,ftp://ftp.ncbi.nlm.nih.gov/geo/series/GSE5nnn/GSE5625/,GSM131381,ftp://ftp.ncbi.nlm.nih.gov/geo/samples/GSM131nnn/GSM131381/suppl/GSM131381.CEL.gz,AtGen,genotoxic,roots,24,1
200005625,GSE5625,198,5625,CEL,24,ftp://ftp.ncbi.nlm.nih.gov/geo/series/GSE5nnn/GSE5625/,GSM131368,ftp://ftp.ncbi.nlm.nih.gov/geo/samples/GSM131nnn/GSM131368/suppl/GSM131368.CEL.gz,AtGen,genotoxic,shoots,3,2
200005625,GSE5625,198,5625,CEL,24,ftp://ftp.ncbi.nlm.nih.gov/geo/series/GSE5nnn/GSE5625/,GSM131360,ftp://ftp.ncbi.nlm.nih.gov/geo/samples/GSM131nnn/GSM131360/suppl/GSM131360.CEL.gz,AtGen,genotoxic,shoots,0.5,2
200005625,GSE5625,198,5625,CEL,24,ftp://ftp.ncbi.nlm.nih.gov/geo/series/GSE5nnn/GSE5625/,GSM131363,ftp://ftp.ncbi.nlm.nih.gov/geo/samples/GSM131nnn/GSM131363/suppl/GSM131363.CEL.gz,AtGen,genotoxic,shoots,1,1
200005625,GSE5625,198,5625,CEL,24,ftp://ftp.ncbi.nlm.nih.gov/geo/series/GSE5nnn/GSE5625/,GSM131374,ftp://ftp.ncbi.nlm.nih.gov/geo/samples/GSM131nnn/GSM131374/suppl/GSM131374.CEL.gz,AtGen,genotoxic,roots,6,2
200005625,GSE5625,198,5625,CEL,24,ftp://ftp.ncbi.nlm.nih.gov/geo/series/GSE5nnn/GSE5625/,GSM131369,ftp://ftp.ncbi.nlm.nih.gov/geo/samples/GSM131nnn/GSM131369/suppl/GSM131369.CEL.gz,AtGen,genotoxic,roots,3,1
200005625,GSE5625,198,5625,CEL,24,ftp://ftp.ncbi.nlm.nih.gov/geo/series/GSE5nnn/GSE5625/,GSM131371,ftp://ftp.ncbi.nlm.nih.gov/geo/samples/GSM131nnn/GSM131371/suppl/GSM131371.CEL.gz,AtGen,genotoxic,shoots,6,1
200005625,GSE5625,198,5625,CEL,24,ftp://ftp.ncbi.nlm.nih.gov/geo/series/GSE5nnn/GSE5625/,GSM131377,ftp://ftp.ncbi.nlm.nih.gov/geo/samples/GSM131nnn/GSM131377/suppl/GSM131377.CEL.gz,AtGen,genotoxic,roots,12,1
200005625,GSE5625,198,5625,CEL,24,ftp://ftp.ncbi.nlm.nih.gov/geo/series/GSE5nnn/GSE5625/,GSM131366,ftp://ftp.ncbi.nlm.nih.gov/geo/samples/GSM131nnn/GSM131366/suppl/GSM131366.CEL.gz,AtGen,genotoxic,roots,1,2
200005625,GSE5625,198,5625,CEL,24,ftp://ftp.ncbi.nlm.nih.gov/geo/series/GSE5nnn/GSE5625/,GSM131380,ftp://ftp.ncbi.nlm.nih.gov/geo/samples/GSM131nnn/GSM131380/suppl/GSM131380.CEL.gz,AtGen,genotoxic,shoots,24,2
200005625,GSE5625,198,5625,CEL,24,ftp://ftp.ncbi.nlm.nih.gov/geo/series/GSE5nnn/GSE5625/,GSM131364,ftp://ftp.ncbi.nlm.nih.gov/geo/samples/GSM131nnn/GSM131364/suppl/GSM131364.CEL.gz,AtGen,genotoxic,shoots,1,2
200005625,GSE5625,198,5625,CEL,24,ftp://ftp.ncbi.nlm.nih.gov/geo/series/GSE5nnn/GSE5625/,GSM131367,ftp://ftp.ncbi.nlm.nih.gov/geo/samples/GSM131nnn/GSM131367/suppl/GSM131367.CEL.gz,AtGen,genotoxic,shoots,3,1
200005625,GSE5625,198,5625,CEL,24,ftp://ftp.ncbi.nlm.nih.gov/geo/series/GSE5nnn/GSE5625/,GSM131361,ftp://ftp.ncbi.nlm.nih.gov/geo/samples/GSM131nnn/GSM131361/suppl/GSM131361.CEL.gz,AtGen,genotoxic,roots,0.5,1
200005624,GSE5624,198,5624,CEL,28,ftp://ftp.ncbi.nlm.nih.gov/geo/series/GSE5nnn/GSE5624/,GSM131346,ftp://ftp.ncbi.nlm.nih.gov/geo/samples/GSM131nnn/GSM131346/suppl/GSM131346.CEL.gz,AtGen,drought,roots,3,2
200005624,GSE5624,198,5624,CEL,28,ftp://ftp.ncbi.nlm.nih.gov/geo/series/GSE5nnn/GSE5624/,GSM131349,ftp://ftp.ncbi.nlm.nih.gov/geo/samples/GSM131nnn/GSM131349/suppl/GSM131349.CEL.gz,AtGen,drought,roots,6,1
200005624,GSE5624,198,5624,CEL,28,ftp://ftp.ncbi.nlm.nih.gov/geo/series/GSE5nnn/GSE5624/,GSM131343,ftp://ftp.ncbi.nlm.nih.gov/geo/samples/GSM131nnn/GSM131343/suppl/GSM131343.CEL.gz,AtGen,drought,shoots,3,1
200005624,GSE5624,198,5624,CEL,28,ftp://ftp.ncbi.nlm.nih.gov/geo/series/GSE5nnn/GSE5624/,GSM131355,ftp://ftp.ncbi.nlm.nih.gov/geo/samples/GSM131nnn/GSM131355/suppl/GSM131355.CEL.gz,AtGen,drought,shoots,24,1
200005624,GSE5624,198,5624,CEL,28,ftp://ftp.ncbi.nlm.nih.gov/geo/series/GSE5nnn/GSE5624/,GSM131332,ftp://ftp.ncbi.nlm.nih.gov/geo/samples/GSM131nnn/GSM131332/suppl/GSM131332.CEL.gz,AtGen,drought,shoots,0.25,2
200005624,GSE5624,198,5624,CEL,28,ftp://ftp.ncbi.nlm.nih.gov/geo/series/GSE5nnn/GSE5624/,GSM131335,ftp://ftp.ncbi.nlm.nih.gov/geo/samples/GSM131nnn/GSM131335/suppl/GSM131335.CEL.gz,AtGen,drought,shoots,0.5,1
200005624,GSE5624,198,5624,CEL,28,ftp://ftp.ncbi.nlm.nih.gov/geo/series/GSE5nnn/GSE5624/,GSM131352,ftp://ftp.ncbi.nlm.nih.gov/geo/samples/GSM131nnn/GSM131352/suppl/GSM131352.CEL.gz,AtGen,drought,shoots,12,2
200005624,GSE5624,198,5624,CEL,28,ftp://ftp.ncbi.nlm.nih.gov/geo/series/GSE5nnn/GSE5624/,GSM131356,ftp://ftp.ncbi.nlm.nih.gov/geo/samples/GSM131nnn/GSM131356/suppl/GSM131356.CEL.gz,AtGen,drought,shoots,24,2
200005624,GSE5624,198,5624,CEL,28,ftp://ftp.ncbi.nlm.nih.gov/geo/series/GSE5nnn/GSE5624/,GSM131333,ftp://ftp.ncbi.nlm.nih.gov/geo/samples/GSM131nnn/GSM131333/suppl/GSM131333.CEL.gz,AtGen,drought,roots,0.25,1
200005624,GSE5624,198,5624,CEL,28,ftp://ftp.ncbi.nlm.nih.gov/geo/series/GSE5nnn/GSE5624/,GSM131358,ftp://ftp.ncbi.nlm.nih.gov/geo/samples/GSM131nnn/GSM131358/suppl/GSM131358.CEL.gz,AtGen,drought,roots,24,2
200005624,GSE5624,198,5624,CEL,28,ftp://ftp.ncbi.nlm.nih.gov/geo/series/GSE5nnn/GSE5624/,GSM131340,ftp://ftp.ncbi.nlm.nih.gov/geo/samples/GSM131nnn/GSM131340/suppl/GSM131340.CEL.gz,AtGen,drought,shoots,1,2
200005624,GSE5624,198,5624,CEL,28,ftp://ftp.ncbi.nlm.nih.gov/geo/series/GSE5nnn/GSE5624/,GSM131341,ftp://ftp.ncbi.nlm.nih.gov/geo/samples/GSM131nnn/GSM131341/suppl/GSM131341.CEL.gz,AtGen,drought,roots,1,1
200005624,GSE5624,198,5624,CEL,28,ftp://ftp.ncbi.nlm.nih.gov/geo/series/GSE5nnn/GSE5624/,GSM131344,ftp://ftp.ncbi.nlm.nih.gov/geo/samples/GSM131nnn/GSM131344/suppl/GSM131344.CEL.gz,AtGen,drought,shoots,3,2
200005624,GSE5624,198,5624,CEL,28,ftp://ftp.ncbi.nlm.nih.gov/geo/series/GSE5nnn/GSE5624/,GSM131338,ftp://ftp.ncbi.nlm.nih.gov/geo/samples/GSM131nnn/GSM131338/suppl/GSM131338.CEL.gz,AtGen,drought,roots,0.5,2
200005624,GSE5624,198,5624,CEL,28,ftp://ftp.ncbi.nlm.nih.gov/geo/series/GSE5nnn/GSE5624/,GSM131336,ftp://ftp.ncbi.nlm.nih.gov/geo/samples/GSM131nnn/GSM131336/suppl/GSM131336.CEL.gz,AtGen,drought,shoots,0.5,2
200005624,GSE5624,198,5624,CEL,28,ftp://ftp.ncbi.nlm.nih.gov/geo/series/GSE5nnn/GSE5624/,GSM131350,ftp://ftp.ncbi.nlm.nih.gov/geo/samples/GSM131nnn/GSM131350/suppl/GSM131350.CEL.gz,AtGen,drought,roots,6,2
200005624,GSE5624,198,5624,CEL,28,ftp://ftp.ncbi.nlm.nih.gov/geo/series/GSE5nnn/GSE5624/,GSM131339,ftp://ftp.ncbi.nlm.nih.gov/geo/samples/GSM131nnn/GSM131339/suppl/GSM131339.CEL.gz,AtGen,drought,shoots,1,1
200005624,GSE5624,198,5624,CEL,28,ftp://ftp.ncbi.nlm.nih.gov/geo/series/GSE5nnn/GSE5624/,GSM131345,ftp://ftp.ncbi.nlm.nih.gov/geo/samples/GSM131nnn/GSM131345/suppl/GSM131345.CEL.gz,AtGen,drought,roots,3,1
200005624,GSE5624,198,5624,CEL,28,ftp://ftp.ncbi.nlm.nih.gov/geo/series/GSE5nnn/GSE5624/,GSM131347,ftp://ftp.ncbi.nlm.nih.gov/geo/samples/GSM131nnn/GSM131347/suppl/GSM131347.CEL.gz,AtGen,drought,shoots,6,1
200005624,GSE5624,198,5624,CEL,28,ftp://ftp.ncbi.nlm.nih.gov/geo/series/GSE5nnn/GSE5624/,GSM131342,ftp://ftp.ncbi.nlm.nih.gov/geo/samples/GSM131nnn/GSM131342/suppl/GSM131342.CEL.gz,AtGen,drought,roots,1,2
200005624,GSE5624,198,5624,CEL,28,ftp://ftp.ncbi.nlm.nih.gov/geo/series/GSE5nnn/GSE5624/,GSM131353,ftp://ftp.ncbi.nlm.nih.gov/geo/samples/GSM131nnn/GSM131353/suppl/GSM131353.CEL.gz,AtGen,drought,roots,12,1
200005624,GSE5624,198,5624,CEL,28,ftp://ftp.ncbi.nlm.nih.gov/geo/series/GSE5nnn/GSE5624/,GSM131351,ftp://ftp.ncbi.nlm.nih.gov/geo/samples/GSM131nnn/GSM131351/suppl/GSM131351.CEL.gz,AtGen,drought,shoots,12,1
200005624,GSE5624,198,5624,CEL,28,ftp://ftp.ncbi.nlm.nih.gov/geo/series/GSE5nnn/GSE5624/,GSM131354,ftp://ftp.ncbi.nlm.nih.gov/geo/samples/GSM131nnn/GSM131354/suppl/GSM131354.CEL.gz,AtGen,drought,roots,12,2
200005624,GSE5624,198,5624,CEL,28,ftp://ftp.ncbi.nlm.nih.gov/geo/series/GSE5nnn/GSE5624/,GSM131331,ftp://ftp.ncbi.nlm.nih.gov/geo/samples/GSM131nnn/GSM131331/suppl/GSM131331.CEL.gz,AtGen,drought,shoots,0.25,1
200005624,GSE5624,198,5624,CEL,28,ftp://ftp.ncbi.nlm.nih.gov/geo/series/GSE5nnn/GSE5624/,GSM131348,ftp://ftp.ncbi.nlm.nih.gov/geo/samples/GSM131nnn/GSM131348/suppl/GSM131348.CEL.gz,AtGen,drought,shoots,6,2
200005624,GSE5624,198,5624,CEL,28,ftp://ftp.ncbi.nlm.nih.gov/geo/series/GSE5nnn/GSE5624/,GSM131334,ftp://ftp.ncbi.nlm.nih.gov/geo/samples/GSM131nnn/GSM131334/suppl/GSM131334.CEL.gz,AtGen,drought,roots,0.25,2
200005624,GSE5624,198,5624,CEL,28,ftp://ftp.ncbi.nlm.nih.gov/geo/series/GSE5nnn/GSE5624/,GSM131337,ftp://ftp.ncbi.nlm.nih.gov/geo/samples/GSM131nnn/GSM131337/suppl/GSM131337.CEL.gz,AtGen,drought,roots,0.5,1
200005624,GSE5624,198,5624,CEL,28,ftp://ftp.ncbi.nlm.nih.gov/geo/series/GSE5nnn/GSE5624/,GSM131357,ftp://ftp.ncbi.nlm.nih.gov/geo/samples/GSM131nnn/GSM131357/suppl/GSM131357.CEL.gz,AtGen,drought,roots,24,1
200005623,GSE5623,198,5623,CEL,24,ftp://ftp.ncbi.nlm.nih.gov/geo/series/GSE5nnn/GSE5623/,GSM131319,ftp://ftp.ncbi.nlm.nih.gov/geo/samples/GSM131nnn/GSM131319/suppl/GSM131319.CEL.gz,AtGen,salt,shoots,6,1
200005623,GSE5623,198,5623,CEL,24,ftp://ftp.ncbi.nlm.nih.gov/geo/series/GSE5nnn/GSE5623/,GSM131316,ftp://ftp.ncbi.nlm.nih.gov/geo/samples/GSM131nnn/GSM131316/suppl/GSM131316.CEL.gz,AtGen,salt,shoots,3,2
200005623,GSE5623,198,5623,CEL,24,ftp://ftp.ncbi.nlm.nih.gov/geo/series/GSE5nnn/GSE5623/,GSM131322,ftp://ftp.ncbi.nlm.nih.gov/geo/samples/GSM131nnn/GSM131322/suppl/GSM131322.CEL.gz,AtGen,salt,roots,6,2
200005623,GSE5623,198,5623,CEL,24,ftp://ftp.ncbi.nlm.nih.gov/geo/series/GSE5nnn/GSE5623/,GSM131308,ftp://ftp.ncbi.nlm.nih.gov/geo/samples/GSM131nnn/GSM131308/suppl/GSM131308.CEL.gz,AtGen,salt,shoots,0.5,2
200005623,GSE5623,198,5623,CEL,24,ftp://ftp.ncbi.nlm.nih.gov/geo/series/GSE5nnn/GSE5623/,GSM131314,ftp://ftp.ncbi.nlm.nih.gov/geo/samples/GSM131nnn/GSM131314/suppl/GSM131314.CEL.gz,AtGen,salt,roots,1,2
200005623,GSE5623,198,5623,CEL,24,ftp://ftp.ncbi.nlm.nih.gov/geo/series/GSE5nnn/GSE5623/,GSM131328,ftp://ftp.ncbi.nlm.nih.gov/geo/samples/GSM131nnn/GSM131328/suppl/GSM131328.CEL.gz,AtGen,salt,shoots,24,2
200005623,GSE5623,198,5623,CEL,24,ftp://ftp.ncbi.nlm.nih.gov/geo/series/GSE5nnn/GSE5623/,GSM131311,ftp://ftp.ncbi.nlm.nih.gov/geo/samples/GSM131nnn/GSM131311/suppl/GSM131311.CEL.gz,AtGen,salt,shoots,1,1
200005623,GSE5623,198,5623,CEL,24,ftp://ftp.ncbi.nlm.nih.gov/geo/series/GSE5nnn/GSE5623/,GSM131325,ftp://ftp.ncbi.nlm.nih.gov/geo/samples/GSM131nnn/GSM131325/suppl/GSM131325.CEL.gz,AtGen,salt,roots,12,1
200005623,GSE5623,198,5623,CEL,24,ftp://ftp.ncbi.nlm.nih.gov/geo/series/GSE5nnn/GSE5623/,GSM131324,ftp://ftp.ncbi.nlm.nih.gov/geo/samples/GSM131nnn/GSM131324/suppl/GSM131324.CEL.gz,AtGen,salt,shoots,12,2
200005623,GSE5623,198,5623,CEL,24,ftp://ftp.ncbi.nlm.nih.gov/geo/series/GSE5nnn/GSE5623/,GSM131321,ftp://ftp.ncbi.nlm.nih.gov/geo/samples/GSM131nnn/GSM131321/suppl/GSM131321.CEL.gz,AtGen,salt,roots,6,1
200005623,GSE5623,198,5623,CEL,24,ftp://ftp.ncbi.nlm.nih.gov/geo/series/GSE5nnn/GSE5623/,GSM131327,ftp://ftp.ncbi.nlm.nih.gov/geo/samples/GSM131nnn/GSM131327/suppl/GSM131327.CEL.gz,AtGen,salt,shoots,24,1
200005623,GSE5623,198,5623,CEL,24,ftp://ftp.ncbi.nlm.nih.gov/geo/series/GSE5nnn/GSE5623/,GSM131330,ftp://ftp.ncbi.nlm.nih.gov/geo/samples/GSM131nnn/GSM131330/suppl/GSM131330.CEL.gz,AtGen,salt,roots,24,2
200005623,GSE5623,198,5623,CEL,24,ftp://ftp.ncbi.nlm.nih.gov/geo/series/GSE5nnn/GSE5623/,GSM131317,ftp://ftp.ncbi.nlm.nih.gov/geo/samples/GSM131nnn/GSM131317/suppl/GSM131317.CEL.gz,AtGen,salt,roots,3,1
200005623,GSE5623,198,5623,CEL,24,ftp://ftp.ncbi.nlm.nih.gov/geo/series/GSE5nnn/GSE5623/,GSM131323,ftp://ftp.ncbi.nlm.nih.gov/geo/samples/GSM131nnn/GSM131323/suppl/GSM131323.CEL.gz,AtGen,salt,shoots,12,1
200005623,GSE5623,198,5623,CEL,24,ftp://ftp.ncbi.nlm.nih.gov/geo/series/GSE5nnn/GSE5623/,GSM131312,ftp://ftp.ncbi.nlm.nih.gov/geo/samples/GSM131nnn/GSM131312/suppl/GSM131312.CEL.gz,AtGen,salt,shoots,1,2
200005623,GSE5623,198,5623,CEL,24,ftp://ftp.ncbi.nlm.nih.gov/geo/series/GSE5nnn/GSE5623/,GSM131320,ftp://ftp.ncbi.nlm.nih.gov/geo/samples/GSM131nnn/GSM131320/suppl/GSM131320.CEL.gz,AtGen,salt,shoots,6,2
200005623,GSE5623,198,5623,CEL,24,ftp://ftp.ncbi.nlm.nih.gov/geo/series/GSE5nnn/GSE5623/,GSM131309,ftp://ftp.ncbi.nlm.nih.gov/geo/samples/GSM131nnn/GSM131309/suppl/GSM131309.CEL.gz,AtGen,salt,roots,0.5,1
200005623,GSE5623,198,5623,CEL,24,ftp://ftp.ncbi.nlm.nih.gov/geo/series/GSE5nnn/GSE5623/,GSM131326,ftp://ftp.ncbi.nlm.nih.gov/geo/samples/GSM131nnn/GSM131326/suppl/GSM131326.CEL.gz,AtGen,salt,roots,12,2
200005623,GSE5623,198,5623,CEL,24,ftp://ftp.ncbi.nlm.nih.gov/geo/series/GSE5nnn/GSE5623/,GSM131315,ftp://ftp.ncbi.nlm.nih.gov/geo/samples/GSM131nnn/GSM131315/suppl/GSM131315.CEL.gz,AtGen,salt,shoots,3,1
200005623,GSE5623,198,5623,CEL,24,ftp://ftp.ncbi.nlm.nih.gov/geo/series/GSE5nnn/GSE5623/,GSM131318,ftp://ftp.ncbi.nlm.nih.gov/geo/samples/GSM131nnn/GSM131318/suppl/GSM131318.CEL.gz,AtGen,salt,roots,3,2
200005623,GSE5623,198,5623,CEL,24,ftp://ftp.ncbi.nlm.nih.gov/geo/series/GSE5nnn/GSE5623/,GSM131329,ftp://ftp.ncbi.nlm.nih.gov/geo/samples/GSM131nnn/GSM131329/suppl/GSM131329.CEL.gz,AtGen,salt,roots,24,1
200005623,GSE5623,198,5623,CEL,24,ftp://ftp.ncbi.nlm.nih.gov/geo/series/GSE5nnn/GSE5623/,GSM131307,ftp://ftp.ncbi.nlm.nih.gov/geo/samples/GSM131nnn/GSM131307/suppl/GSM131307.CEL.gz,AtGen,salt,shoots,0.5,1
200005623,GSE5623,198,5623,CEL,24,ftp://ftp.ncbi.nlm.nih.gov/geo/series/GSE5nnn/GSE5623/,GSM131310,ftp://ftp.ncbi.nlm.nih.gov/geo/samples/GSM131nnn/GSM131310/suppl/GSM131310.CEL.gz,AtGen,salt,roots,0.5,2
200005623,GSE5623,198,5623,CEL,24,ftp://ftp.ncbi.nlm.nih.gov/geo/series/GSE5nnn/GSE5623/,GSM131313,ftp://ftp.ncbi.nlm.nih.gov/geo/samples/GSM131nnn/GSM131313/suppl/GSM131313.CEL.gz,AtGen,salt,roots,1,1
200005622,GSE5622,198,5622,CEL,24,ftp://ftp.ncbi.nlm.nih.gov/geo/series/GSE5nnn/GSE5622/,GSM131295,ftp://ftp.ncbi.nlm.nih.gov/geo/samples/GSM131nnn/GSM131295/suppl/GSM131295.CEL.gz,AtGen,osmotic,shoots,6,1
200005622,GSE5622,198,5622,CEL,24,ftp://ftp.ncbi.nlm.nih.gov/geo/series/GSE5nnn/GSE5622/,GSM131292,ftp://ftp.ncbi.nlm.nih.gov/geo/samples/GSM131nnn/GSM131292/suppl/GSM131292.CEL.gz,AtGen,osmotic,shoots,3,2
200005622,GSE5622,198,5622,CEL,24,ftp://ftp.ncbi.nlm.nih.gov/geo/series/GSE5nnn/GSE5622/,GSM131298,ftp://ftp.ncbi.nlm.nih.gov/geo/samples/GSM131nnn/GSM131298/suppl/GSM131298.CEL.gz,AtGen,osmotic,roots,6,2
200005622,GSE5622,198,5622,CEL,24,ftp://ftp.ncbi.nlm.nih.gov/geo/series/GSE5nnn/GSE5622/,GSM131304,ftp://ftp.ncbi.nlm.nih.gov/geo/samples/GSM131nnn/GSM131304/suppl/GSM131304.CEL.gz,AtGen,osmotic,shoots,24,2
200005622,GSE5622,198,5622,CEL,24,ftp://ftp.ncbi.nlm.nih.gov/geo/series/GSE5nnn/GSE5622/,GSM131301,ftp://ftp.ncbi.nlm.nih.gov/geo/samples/GSM131nnn/GSM131301/suppl/GSM131301.CEL.gz,AtGen,osmotic,roots,12,1
200005622,GSE5622,198,5622,CEL,24,ftp://ftp.ncbi.nlm.nih.gov/geo/series/GSE5nnn/GSE5622/,GSM131305,ftp://ftp.ncbi.nlm.nih.gov/geo/samples/GSM131nnn/GSM131305/suppl/GSM131305.CEL.gz,AtGen,osmotic,roots,24,1
200005622,GSE5622,198,5622,CEL,24,ftp://ftp.ncbi.nlm.nih.gov/geo/series/GSE5nnn/GSE5622/,GSM131284,ftp://ftp.ncbi.nlm.nih.gov/geo/samples/GSM131nnn/GSM131284/suppl/GSM131284.CEL.gz,AtGen,osmotic,shoots,0.5,2
200005622,GSE5622,198,5622,CEL,24,ftp://ftp.ncbi.nlm.nih.gov/geo/series/GSE5nnn/GSE5622/,GSM131289,ftp://ftp.ncbi.nlm.nih.gov/geo/samples/GSM131nnn/GSM131289/suppl/GSM131289.CEL.gz,AtGen,osmotic,roots,1,1
200005622,GSE5622,198,5622,CEL,24,ftp://ftp.ncbi.nlm.nih.gov/geo/series/GSE5nnn/GSE5622/,GSM131287,ftp://ftp.ncbi.nlm.nih.gov/geo/samples/GSM131nnn/GSM131287/suppl/GSM131287.CEL.gz,AtGen,osmotic,shoots,1,1
200005622,GSE5622,198,5622,CEL,24,ftp://ftp.ncbi.nlm.nih.gov/geo/series/GSE5nnn/GSE5622/,GSM131290,ftp://ftp.ncbi.nlm.nih.gov/geo/samples/GSM131nnn/GSM131290/suppl/GSM131290.CEL.gz,AtGen,osmotic,roots,1,2
200005622,GSE5622,198,5622,CEL,24,ftp://ftp.ncbi.nlm.nih.gov/geo/series/GSE5nnn/GSE5622/,GSM131285,ftp://ftp.ncbi.nlm.nih.gov/geo/samples/GSM131nnn/GSM131285/suppl/GSM131285.CEL.gz,AtGen,osmotic,roots,0.5,1
200005622,GSE5622,198,5622,CEL,24,ftp://ftp.ncbi.nlm.nih.gov/geo/series/GSE5nnn/GSE5622/,GSM131296,ftp://ftp.ncbi.nlm.nih.gov/geo/samples/GSM131nnn/GSM131296/suppl/GSM131296.CEL.gz,AtGen,osmotic,shoots,6,2
200005622,GSE5622,198,5622,CEL,24,ftp://ftp.ncbi.nlm.nih.gov/geo/series/GSE5nnn/GSE5622/,GSM131291,ftp://ftp.ncbi.nlm.nih.gov/geo/samples/GSM131nnn/GSM131291/suppl/GSM131291.CEL.gz,AtGen,osmotic,shoots,3,1
200005622,GSE5622,198,5622,CEL,24,ftp://ftp.ncbi.nlm.nih.gov/geo/series/GSE5nnn/GSE5622/,GSM131293,ftp://ftp.ncbi.nlm.nih.gov/geo/samples/GSM131nnn/GSM131293/suppl/GSM131293.CEL.gz,AtGen,osmotic,roots,3,1
200005622,GSE5622,198,5622,CEL,24,ftp://ftp.ncbi.nlm.nih.gov/geo/series/GSE5nnn/GSE5622/,GSM131299,ftp://ftp.ncbi.nlm.nih.gov/geo/samples/GSM131nnn/GSM131299/suppl/GSM131299.CEL.gz,AtGen,osmotic,shoots,12,1
200005622,GSE5622,198,5622,CEL,24,ftp://ftp.ncbi.nlm.nih.gov/geo/series/GSE5nnn/GSE5622/,GSM131288,ftp://ftp.ncbi.nlm.nih.gov/geo/samples/GSM131nnn/GSM131288/suppl/GSM131288.CEL.gz,AtGen,osmotic,shoots,1,2
200005622,GSE5622,198,5622,CEL,24,ftp://ftp.ncbi.nlm.nih.gov/geo/series/GSE5nnn/GSE5622/,GSM131294,ftp://ftp.ncbi.nlm.nih.gov/geo/samples/GSM131nnn/GSM131294/suppl/GSM131294.CEL.gz,AtGen,osmotic,roots,3,2
200005622,GSE5622,198,5622,CEL,24,ftp://ftp.ncbi.nlm.nih.gov/geo/series/GSE5nnn/GSE5622/,GSM131302,ftp://ftp.ncbi.nlm.nih.gov/geo/samples/GSM131nnn/GSM131302/suppl/GSM131302.CEL.gz,AtGen,osmotic,roots,12,2
200005622,GSE5622,198,5622,CEL,24,ftp://ftp.ncbi.nlm.nih.gov/geo/series/GSE5nnn/GSE5622/,GSM131300,ftp://ftp.ncbi.nlm.nih.gov/geo/samples/GSM131nnn/GSM131300/suppl/GSM131300.CEL.gz,AtGen,osmotic,shoots,12,2
200005622,GSE5622,198,5622,CEL,24,ftp://ftp.ncbi.nlm.nih.gov/geo/series/GSE5nnn/GSE5622/,GSM131297,ftp://ftp.ncbi.nlm.nih.gov/geo/samples/GSM131nnn/GSM131297/suppl/GSM131297.CEL.gz,AtGen,osmotic,roots,6,1
200005622,GSE5622,198,5622,CEL,24,ftp://ftp.ncbi.nlm.nih.gov/geo/series/GSE5nnn/GSE5622/,GSM131306,ftp://ftp.ncbi.nlm.nih.gov/geo/samples/GSM131nnn/GSM131306/suppl/GSM131306.CEL.gz,AtGen,osmotic,roots,24,2
200005622,GSE5622,198,5622,CEL,24,ftp://ftp.ncbi.nlm.nih.gov/geo/series/GSE5nnn/GSE5622/,GSM131286,ftp://ftp.ncbi.nlm.nih.gov/geo/samples/GSM131nnn/GSM131286/suppl/GSM131286.CEL.gz,AtGen,osmotic,roots,0.5,2
200005622,GSE5622,198,5622,CEL,24,ftp://ftp.ncbi.nlm.nih.gov/geo/series/GSE5nnn/GSE5622/,GSM131283,ftp://ftp.ncbi.nlm.nih.gov/geo/samples/GSM131nnn/GSM131283/suppl/GSM131283.CEL.gz,AtGen,osmotic,shoots,0.5,1
200005622,GSE5622,198,5622,CEL,24,ftp://ftp.ncbi.nlm.nih.gov/geo/series/GSE5nnn/GSE5622/,GSM131303,ftp://ftp.ncbi.nlm.nih.gov/geo/samples/GSM131nnn/GSM131303/suppl/GSM131303.CEL.gz,AtGen,osmotic,shoots,24,1
200005621,GSE5621,198,5621,CEL,24,ftp://ftp.ncbi.nlm.nih.gov/geo/series/GSE5nnn/GSE5621/,GSM131268,ftp://ftp.ncbi.nlm.nih.gov/geo/samples/GSM131nnn/GSM131268/suppl/GSM131268.CEL.gz,AtGen,cold,shoots,3,2
200005621,GSE5621,198,5621,CEL,24,ftp://ftp.ncbi.nlm.nih.gov/geo/series/GSE5nnn/GSE5621/,GSM131263,ftp://ftp.ncbi.nlm.nih.gov/geo/samples/GSM131nnn/GSM131263/suppl/GSM131263.CEL.gz,AtGen,cold,shoots,1,1
200005621,GSE5621,198,5621,CEL,24,ftp://ftp.ncbi.nlm.nih.gov/geo/series/GSE5nnn/GSE5621/,GSM131277,ftp://ftp.ncbi.nlm.nih.gov/geo/samples/GSM131nnn/GSM131277/suppl/GSM131277.CEL.gz,AtGen,cold,roots,12,1
200005621,GSE5621,198,5621,CEL,24,ftp://ftp.ncbi.nlm.nih.gov/geo/series/GSE5nnn/GSE5621/,GSM131265,ftp://ftp.ncbi.nlm.nih.gov/geo/samples/GSM131nnn/GSM131265/suppl/GSM131265.CEL.gz,AtGen,cold,roots,1,1
200005621,GSE5621,198,5621,CEL,24,ftp://ftp.ncbi.nlm.nih.gov/geo/series/GSE5nnn/GSE5621/,GSM131260,ftp://ftp.ncbi.nlm.nih.gov/geo/samples/GSM131nnn/GSM131260/suppl/GSM131260.CEL.gz,AtGen,cold,shoots,0.5,2
200005621,GSE5621,198,5621,CEL,24,ftp://ftp.ncbi.nlm.nih.gov/geo/series/GSE5nnn/GSE5621/,GSM131271,ftp://ftp.ncbi.nlm.nih.gov/geo/samples/GSM131nnn/GSM131271/suppl/GSM131271.CEL.gz,AtGen,cold,shoots,6,1
200005621,GSE5621,198,5621,CEL,24,ftp://ftp.ncbi.nlm.nih.gov/geo/series/GSE5nnn/GSE5621/,GSM131274,ftp://ftp.ncbi.nlm.nih.gov/geo/samples/GSM131nnn/GSM131274/suppl/GSM131274.CEL.gz,AtGen,cold,roots,6,2
200005621,GSE5621,198,5621,CEL,24,ftp://ftp.ncbi.nlm.nih.gov/geo/series/GSE5nnn/GSE5621/,GSM131273,ftp://ftp.ncbi.nlm.nih.gov/geo/samples/GSM131nnn/GSM131273/suppl/GSM131273.CEL.gz,AtGen,cold,roots,6,1
200005621,GSE5621,198,5621,CEL,24,ftp://ftp.ncbi.nlm.nih.gov/geo/series/GSE5nnn/GSE5621/,GSM131276,ftp://ftp.ncbi.nlm.nih.gov/geo/samples/GSM131nnn/GSM131276/suppl/GSM131276.CEL.gz,AtGen,cold,shoots,12,2
200005621,GSE5621,198,5621,CEL,24,ftp://ftp.ncbi.nlm.nih.gov/geo/series/GSE5nnn/GSE5621/,GSM131270,ftp://ftp.ncbi.nlm.nih.gov/geo/samples/GSM131nnn/GSM131270/suppl/GSM131270.CEL.gz,AtGen,cold,roots,3,2
200005621,GSE5621,198,5621,CEL,24,ftp://ftp.ncbi.nlm.nih.gov/geo/series/GSE5nnn/GSE5621/,GSM131280,ftp://ftp.ncbi.nlm.nih.gov/geo/samples/GSM131nnn/GSM131280/suppl/GSM131280.CEL.gz,AtGen,cold,shoots,24,2
200005621,GSE5621,198,5621,CEL,24,ftp://ftp.ncbi.nlm.nih.gov/geo/series/GSE5nnn/GSE5621/,GSM131279,ftp://ftp.ncbi.nlm.nih.gov/geo/samples/GSM131nnn/GSM131279/suppl/GSM131279.CEL.gz,AtGen,cold,shoots,24,1
200005621,GSE5621,198,5621,CEL,24,ftp://ftp.ncbi.nlm.nih.gov/geo/series/GSE5nnn/GSE5621/,GSM131272,ftp://ftp.ncbi.nlm.nih.gov/geo/samples/GSM131nnn/GSM131272/suppl/GSM131272.CEL.gz,AtGen,cold,shoots,6,2
200005621,GSE5621,198,5621,CEL,24,ftp://ftp.ncbi.nlm.nih.gov/geo/series/GSE5nnn/GSE5621/,GSM131264,ftp://ftp.ncbi.nlm.nih.gov/geo/samples/GSM131nnn/GSM131264/suppl/GSM131264.CEL.gz,AtGen,cold,shoots,1,2
200005621,GSE5621,198,5621,CEL,24,ftp://ftp.ncbi.nlm.nih.gov/geo/series/GSE5nnn/GSE5621/,GSM131266,ftp://ftp.ncbi.nlm.nih.gov/geo/samples/GSM131nnn/GSM131266/suppl/GSM131266.CEL.gz,AtGen,cold,roots,1,2
200005621,GSE5621,198,5621,CEL,24,ftp://ftp.ncbi.nlm.nih.gov/geo/series/GSE5nnn/GSE5621/,GSM131269,ftp://ftp.ncbi.nlm.nih.gov/geo/samples/GSM131nnn/GSM131269/suppl/GSM131269.CEL.gz,AtGen,cold,roots,3,1
200005621,GSE5621,198,5621,CEL,24,ftp://ftp.ncbi.nlm.nih.gov/geo/series/GSE5nnn/GSE5621/,GSM131267,ftp://ftp.ncbi.nlm.nih.gov/geo/samples/GSM131nnn/GSM131267/suppl/GSM131267.CEL.gz,AtGen,cold,shoots,3,1
200005621,GSE5621,198,5621,CEL,24,ftp://ftp.ncbi.nlm.nih.gov/geo/series/GSE5nnn/GSE5621/,GSM131261,ftp://ftp.ncbi.nlm.nih.gov/geo/samples/GSM131nnn/GSM131261/suppl/GSM131261.CEL.gz,AtGen,cold,roots,0.5,1
200005621,GSE5621,198,5621,CEL,24,ftp://ftp.ncbi.nlm.nih.gov/geo/series/GSE5nnn/GSE5621/,GSM131281,ftp://ftp.ncbi.nlm.nih.gov/geo/samples/GSM131nnn/GSM131281/suppl/GSM131281.CEL.gz,AtGen,cold,roots,24,1
200005621,GSE5621,198,5621,CEL,24,ftp://ftp.ncbi.nlm.nih.gov/geo/series/GSE5nnn/GSE5621/,GSM131275,ftp://ftp.ncbi.nlm.nih.gov/geo/samples/GSM131nnn/GSM131275/suppl/GSM131275.CEL.gz,AtGen,cold,shoots,12,1
200005621,GSE5621,198,5621,CEL,24,ftp://ftp.ncbi.nlm.nih.gov/geo/series/GSE5nnn/GSE5621/,GSM131278,ftp://ftp.ncbi.nlm.nih.gov/geo/samples/GSM131nnn/GSM131278/suppl/GSM131278.CEL.gz,AtGen,cold,roots,12,2
200005621,GSE5621,198,5621,CEL,24,ftp://ftp.ncbi.nlm.nih.gov/geo/series/GSE5nnn/GSE5621/,GSM131259,ftp://ftp.ncbi.nlm.nih.gov/geo/samples/GSM131nnn/GSM131259/suppl/GSM131259.CEL.gz,AtGen,cold,shoots,0.5,1
200005621,GSE5621,198,5621,CEL,24,ftp://ftp.ncbi.nlm.nih.gov/geo/series/GSE5nnn/GSE5621/,GSM131282,ftp://ftp.ncbi.nlm.nih.gov/geo/samples/GSM131nnn/GSM131282/suppl/GSM131282.CEL.gz,AtGen,cold,roots,24,2
200005621,GSE5621,198,5621,CEL,24,ftp://ftp.ncbi.nlm.nih.gov/geo/series/GSE5nnn/GSE5621/,GSM131262,ftp://ftp.ncbi.nlm.nih.gov/geo/samples/GSM131nnn/GSM131262/suppl/GSM131262.CEL.gz,AtGen,cold,roots,0.5,2
200005620,GSE5620,198,5620,CEL,36,ftp://ftp.ncbi.nlm.nih.gov/geo/series/GSE5nnn/GSE5620/,GSM131241,ftp://ftp.ncbi.nlm.nih.gov/geo/samples/GSM131nnn/GSM131241/suppl/GSM131241.CEL.gz,AtGen,control,roots,3,1
200005620,GSE5620,198,5620,CEL,36,ftp://ftp.ncbi.nlm.nih.gov/geo/series/GSE5nnn/GSE5620/,GSM131238,ftp://ftp.ncbi.nlm.nih.gov/geo/samples/GSM131nnn/GSM131238/suppl/GSM131238.CEL.gz,AtGen,control,roots,1,2
200005620,GSE5620,198,5620,CEL,36,ftp://ftp.ncbi.nlm.nih.gov/geo/series/GSE5nnn/GSE5620/,GSM131244,ftp://ftp.ncbi.nlm.nih.gov/geo/samples/GSM131nnn/GSM131244/suppl/GSM131244.CEL.gz,AtGen,control,shoots,4,2
200005620,GSE5620,198,5620,CEL,36,ftp://ftp.ncbi.nlm.nih.gov/geo/series/GSE5nnn/GSE5620/,GSM131247,ftp://ftp.ncbi.nlm.nih.gov/geo/samples/GSM131nnn/GSM131247/suppl/GSM131247.CEL.gz,AtGen,control,shoots,6,1
200005620,GSE5620,198,5620,CEL,36,ftp://ftp.ncbi.nlm.nih.gov/geo/series/GSE5nnn/GSE5620/,GSM131258,ftp://ftp.ncbi.nlm.nih.gov/geo/samples/GSM131nnn/GSM131258/suppl/GSM131258.CEL.gz,AtGen,control,roots,24,2
200005620,GSE5620,198,5620,CEL,36,ftp://ftp.ncbi.nlm.nih.gov/geo/series/GSE5nnn/GSE5620/,GSM131250,ftp://ftp.ncbi.nlm.nih.gov/geo/samples/GSM131nnn/GSM131250/suppl/GSM131250.CEL.gz,AtGen,control,roots,6,2
200005620,GSE5620,198,5620,CEL,36,ftp://ftp.ncbi.nlm.nih.gov/geo/series/GSE5nnn/GSE5620/,GSM131227,ftp://ftp.ncbi.nlm.nih.gov/geo/samples/GSM131nnn/GSM131227/suppl/GSM131227.CEL.gz,AtGen,control,shoots,0.25,1
200005620,GSE5620,198,5620,CEL,36,ftp://ftp.ncbi.nlm.nih.gov/geo/series/GSE5nnn/GSE5620/,GSM131224,ftp://ftp.ncbi.nlm.nih.gov/geo/samples/GSM131nnn/GSM131224/suppl/GSM131224.CEL.gz,AtGen,control,shoots,0,2
200005620,GSE5620,198,5620,CEL,36,ftp://ftp.ncbi.nlm.nih.gov/geo/series/GSE5nnn/GSE5620/,GSM131225,ftp://ftp.ncbi.nlm.nih.gov/geo/samples/GSM131nnn/GSM131225/suppl/GSM131225.CEL.gz,AtGen,control,roots,0,1
200005620,GSE5620,198,5620,CEL,36,ftp://ftp.ncbi.nlm.nih.gov/geo/series/GSE5nnn/GSE5620/,GSM131228,ftp://ftp.ncbi.nlm.nih.gov/geo/samples/GSM131nnn/GSM131228/suppl/GSM131228.CEL.gz,AtGen,control,shoots,0.25,2
200005620,GSE5620,198,5620,CEL,36,ftp://ftp.ncbi.nlm.nih.gov/geo/series/GSE5nnn/GSE5620/,GSM131231,ftp://ftp.ncbi.nlm.nih.gov/geo/samples/GSM131nnn/GSM131231/suppl/GSM131231.CEL.gz,AtGen,control,shoots,0.5,1
200005620,GSE5620,198,5620,CEL,36,ftp://ftp.ncbi.nlm.nih.gov/geo/series/GSE5nnn/GSE5620/,GSM131254,ftp://ftp.ncbi.nlm.nih.gov/geo/samples/GSM131nnn/GSM131254/suppl/GSM131254.CEL.gz,AtGen,control,roots,12,2
200005620,GSE5620,198,5620,CEL,36,ftp://ftp.ncbi.nlm.nih.gov/geo/series/GSE5nnn/GSE5620/,GSM131257,ftp://ftp.ncbi.nlm.nih.gov/geo/samples/GSM131nnn/GSM131257/suppl/GSM131257.CEL.gz,AtGen,control,roots,24,1
200005620,GSE5620,198,5620,CEL,36,ftp://ftp.ncbi.nlm.nih.gov/geo/series/GSE5nnn/GSE5620/,GSM131230,ftp://ftp.ncbi.nlm.nih.gov/geo/samples/GSM131nnn/GSM131230/suppl/GSM131230.CEL.gz,AtGen,control,roots,0.25,2
200005620,GSE5620,198,5620,CEL,36,ftp://ftp.ncbi.nlm.nih.gov/geo/series/GSE5nnn/GSE5620/,GSM131256,ftp://ftp.ncbi.nlm.nih.gov/geo/samples/GSM131nnn/GSM131256/suppl/GSM131256.CEL.gz,AtGen,control,shoots,24,2
200005620,GSE5620,198,5620,CEL,36,ftp://ftp.ncbi.nlm.nih.gov/geo/series/GSE5nnn/GSE5620/,GSM131253,ftp://ftp.ncbi.nlm.nih.gov/geo/samples/GSM131nnn/GSM131253/suppl/GSM131253.CEL.gz,AtGen,control,roots,12,1
200005620,GSE5620,198,5620,CEL,36,ftp://ftp.ncbi.nlm.nih.gov/geo/series/GSE5nnn/GSE5620/,GSM131236,ftp://ftp.ncbi.nlm.nih.gov/geo/samples/GSM131nnn/GSM131236/suppl/GSM131236.CEL.gz,AtGen,control,shoots,1,2
200005620,GSE5620,198,5620,CEL,36,ftp://ftp.ncbi.nlm.nih.gov/geo/series/GSE5nnn/GSE5620/,GSM131233,ftp://ftp.ncbi.nlm.nih.gov/geo/samples/GSM131nnn/GSM131233/suppl/GSM131233.CEL.gz,AtGen,control,roots,0.5,1
200005620,GSE5620,198,5620,CEL,36,ftp://ftp.ncbi.nlm.nih.gov/geo/series/GSE5nnn/GSE5620/,GSM131239,ftp://ftp.ncbi.nlm.nih.gov/geo/samples/GSM131nnn/GSM131239/suppl/GSM131239.CEL.gz,AtGen,control,shoots,3,1
200005620,GSE5620,198,5620,CEL,36,ftp://ftp.ncbi.nlm.nih.gov/geo/series/GSE5nnn/GSE5620/,GSM131234,ftp://ftp.ncbi.nlm.nih.gov/geo/samples/GSM131nnn/GSM131234/suppl/GSM131234.CEL.gz,AtGen,control,roots,0.5,2
200005620,GSE5620,198,5620,CEL,36,ftp://ftp.ncbi.nlm.nih.gov/geo/series/GSE5nnn/GSE5620/,GSM131242,ftp://ftp.ncbi.nlm.nih.gov/geo/samples/GSM131nnn/GSM131242/suppl/GSM131242.CEL.gz,AtGen,control,roots,3,2
200005620,GSE5620,198,5620,CEL,36,ftp://ftp.ncbi.nlm.nih.gov/geo/series/GSE5nnn/GSE5620/,GSM131237,ftp://ftp.ncbi.nlm.nih.gov/geo/samples/GSM131nnn/GSM131237/suppl/GSM131237.CEL.gz,AtGen,control,roots,1,1
200005620,GSE5620,198,5620,CEL,36,ftp://ftp.ncbi.nlm.nih.gov/geo/series/GSE5nnn/GSE5620/,GSM131245,ftp://ftp.ncbi.nlm.nih.gov/geo/samples/GSM131nnn/GSM131245/suppl/GSM131245.CEL.gz,AtGen,control,roots,4,1
200005620,GSE5620,198,5620,CEL,36,ftp://ftp.ncbi.nlm.nih.gov/geo/series/GSE5nnn/GSE5620/,GSM131240,ftp://ftp.ncbi.nlm.nih.gov/geo/samples/GSM131nnn/GSM131240/suppl/GSM131240.CEL.gz,AtGen,control,shoots,3,2
200005620,GSE5620,198,5620,CEL,36,ftp://ftp.ncbi.nlm.nih.gov/geo/series/GSE5nnn/GSE5620/,GSM131251,ftp://ftp.ncbi.nlm.nih.gov/geo/samples/GSM131nnn/GSM131251/suppl/GSM131251.CEL.gz,AtGen,control,shoots,12,1
200005620,GSE5620,198,5620,CEL,36,ftp://ftp.ncbi.nlm.nih.gov/geo/series/GSE5nnn/GSE5620/,GSM131243,ftp://ftp.ncbi.nlm.nih.gov/geo/samples/GSM131nnn/GSM131243/suppl/GSM131243.CEL.gz,AtGen,control,shoots,4,1
200005620,GSE5620,198,5620,CEL,36,ftp://ftp.ncbi.nlm.nih.gov/geo/series/GSE5nnn/GSE5620/,GSM131248,ftp://ftp.ncbi.nlm.nih.gov/geo/samples/GSM131nnn/GSM131248/suppl/GSM131248.CEL.gz,AtGen,control,shoots,6,2
200005620,GSE5620,198,5620,CEL,36,ftp://ftp.ncbi.nlm.nih.gov/geo/series/GSE5nnn/GSE5620/,GSM131246,ftp://ftp.ncbi.nlm.nih.gov/geo/samples/GSM131nnn/GSM131246/suppl/GSM131246.CEL.gz,AtGen,control,roots,4,2
200005620,GSE5620,198,5620,CEL,36,ftp://ftp.ncbi.nlm.nih.gov/geo/series/GSE5nnn/GSE5620/,GSM131223,ftp://ftp.ncbi.nlm.nih.gov/geo/samples/GSM131nnn/GSM131223/suppl/GSM131223.CEL.gz,AtGen,control,shoots,0,1
200005620,GSE5620,198,5620,CEL,36,ftp://ftp.ncbi.nlm.nih.gov/geo/series/GSE5nnn/GSE5620/,GSM131249,ftp://ftp.ncbi.nlm.nih.gov/geo/samples/GSM131nnn/GSM131249/suppl/GSM131249.CEL.gz,AtGen,control,roots,6,1
200005620,GSE5620,198,5620,CEL,36,ftp://ftp.ncbi.nlm.nih.gov/geo/series/GSE5nnn/GSE5620/,GSM131255,ftp://ftp.ncbi.nlm.nih.gov/geo/samples/GSM131nnn/GSM131255/suppl/GSM131255.CEL.gz,AtGen,control,shoots,24,1
200005620,GSE5620,198,5620,CEL,36,ftp://ftp.ncbi.nlm.nih.gov/geo/series/GSE5nnn/GSE5620/,GSM131226,ftp://ftp.ncbi.nlm.nih.gov/geo/samples/GSM131nnn/GSM131226/suppl/GSM131226.CEL.gz,AtGen,control,roots,0,2
200005620,GSE5620,198,5620,CEL,36,ftp://ftp.ncbi.nlm.nih.gov/geo/series/GSE5nnn/GSE5620/,GSM131232,ftp://ftp.ncbi.nlm.nih.gov/geo/samples/GSM131nnn/GSM131232/suppl/GSM131232.CEL.gz,AtGen,control,shoots,0.5,2
200005620,GSE5620,198,5620,CEL,36,ftp://ftp.ncbi.nlm.nih.gov/geo/series/GSE5nnn/GSE5620/,GSM131252,ftp://ftp.ncbi.nlm.nih.gov/geo/samples/GSM131nnn/GSM131252/suppl/GSM131252.CEL.gz,AtGen,control,shoots,12,2
200005620,GSE5620,198,5620,CEL,36,ftp://ftp.ncbi.nlm.nih.gov/geo/series/GSE5nnn/GSE5620/,GSM131229,ftp://ftp.ncbi.nlm.nih.gov/geo/samples/GSM131nnn/GSM131229/suppl/GSM131229.CEL.gz,AtGen,control,roots,0.25,1
200005620,GSE5620,198,5620,CEL,36,ftp://ftp.ncbi.nlm.nih.gov/geo/series/GSE5nnn/GSE5620/,GSM131235,ftp://ftp.ncbi.nlm.nih.gov/geo/samples/GSM131nnn/GSM131235/suppl/GSM131235.CEL.gz,AtGen,control,shoots,1,1